Current URL:,Redirect To URL:,Requestor,Date:
http://emedco.zeondsdfdsfdsfdsfzemo.com/folding-portable-barricade-police-fbrpl.html,http://emedco.zeondemo.com/security-aids/security-barriers-traffic-aids/barricades.html,Mariela,6/3/2013
http://emedco.zeondemo.com/folding-portable-barricade-ped-x-ing-fbrpx.htmladsaczc,http://emedco.zeondemo.com/security-aids/security-barriers-traffic-aids/barricades.htmlaasdad,Mariela,6/3/2013
http://emedco.zeondemo.com/tire-ring-base-fbrtr.html,http://emedco.zeondemo.com/security-aids/security-barriers-traffic-aids/barricades.html,Mariela,6/3/2013
http://emedco.zeondemo.com/traffic-cone-flashing-light-fcl2.html,http://emedco.zeondemo.com/tape-barricades-cones/cones/cone-accessories.html,Mariela,6/3/2013
http://emedco.zeondemo.com/security-aids/security-barriers-traffic-aids/barricades.html,http://emedco.zeondemo.com/security-aids/security-barriers-traffic-aids/barricades.html,Mariela,6/3/2013
http://emedco.zeondemo.com/benefit-plan-notices-poster-fd-ss6-l.html,http://emedco.zeondemo.com/safety-compliance/training-motivation/hr-compliance.htmlbbgfgf,Mariela,6/3/2013
http://emedco.zeondemo.com/h1n1-influenza-preparedness-poster-dk151.html,http://emedco.zeondemo.com/signs/other-signs/posters-wallcharts.html,Mariela,6/3/2013
http://emedco.zeondemo.com/led-flashing-traffic-control-vests-flav9.html,http://emedco.zeondemo.com/tape-barricades-cones/other/work-zone-safety/vest.html,Mariela,6/3/2013
http://emedco.zeondemo.com/redwood-flat-bench-frwbn.html,http://emedco.zeondemo.com,Mariela,6/3/2013
http://emedco.zeondemo.com/glow-in-the-dark-ada-men-women-handicap-restroom-sign-gba309g.html,http://emedco.zeondemo.com/signs/interior-office/ada-braille.html,Mariela,6/3/2013
